-- schema.sql — defines all tables for ProdiFy
 
-- Stores employee login credentials and basic info
CREATE TABLE IF NOT EXISTS employees (
    id VARCHAR(20) PRIMARY KEY,
    name VARCHAR(100) NOT NULL,
    password_hash VARCHAR(255) NOT NULL,
    role VARCHAR(20) DEFAULT 'employee',
    created_at TIMESTAMP DEFAULT CURRENT_TIMESTAMP
);
 
-- Stores every processed screenshot result
CREATE TABLE IF NOT EXISTS submissions (
    id INT AUTO_INCREMENT PRIMARY KEY,
    employee_id VARCHAR(20) NOT NULL,
    timestamp TIMESTAMP DEFAULT CURRENT_TIMESTAMP,
    extracted_text TEXT,
    app_detected VARCHAR(100),
    activity_class VARCHAR(50),
    progress_score FLOAT DEFAULT 0,
    productivity_score FLOAT DEFAULT 0,
    image_path VARCHAR(255),
    FOREIGN KEY (employee_id) REFERENCES employees(id)
);
 
-- Stores alerts generated by the alert engine
CREATE TABLE IF NOT EXISTS alerts (
    id INT AUTO_INCREMENT PRIMARY KEY,
    employee_id VARCHAR(20) NOT NULL,
    alert_type VARCHAR(50) NOT NULL,
    message VARCHAR(255),
    timestamp TIMESTAMP DEFAULT CURRENT_TIMESTAMP,
    resolved BOOLEAN DEFAULT FALSE,
    FOREIGN KEY (employee_id) REFERENCES employees(id)
);
 
-- ─── EMPLOYEES (password for all: 'test1234') ────────────────────────────────
INSERT IGNORE INTO employees (id, name, password_hash, role) VALUES
('EMP001', 'Alice Johnson',   SHA2('test1234', 256), 'employee'),
('EMP002', 'Bob Smith',       SHA2('test1234', 256), 'employee'),
('EMP003', 'Carol Davis',     SHA2('test1234', 256), 'employee'),
('EMP004', 'David Lee',       SHA2('test1234', 256), 'employee'),
('EMP005', 'Eva Martin',      SHA2('test1234', 256), 'employee'),
('EMP006', 'Frank Wilson',    SHA2('test1234', 256), 'employee'),
('EMP007', 'Grace Kim',       SHA2('test1234', 256), 'employee'),
('EMP008', 'Henry Brown',     SHA2('test1234', 256), 'employee'),
('EMP009', 'Isla Thompson',   SHA2('test1234', 256), 'employee'),
('EMP010', 'James Carter',    SHA2('test1234', 256), 'employee'),
('ADMIN1', 'Admin Manager',   SHA2('admin1234', 256), 'admin');
 
-- ─── SUBMISSIONS (sample data for demo) ──────────────────────────────────────
INSERT IGNORE INTO submissions (employee_id, timestamp, activity_class, progress_score, productivity_score, app_detected) VALUES
('EMP001', NOW() - INTERVAL 10 MINUTE, 'Productive',     85.0, 92.0, 'VS Code'),
('EMP001', NOW() - INTERVAL 20 MINUTE, 'Productive',     78.0, 88.0, 'VS Code'),
('EMP001', NOW() - INTERVAL 30 MINUTE, 'Idle',           10.0, 12.0, 'Desktop'),
('EMP001', NOW() - INTERVAL 40 MINUTE, 'Productive',     90.0, 91.0, 'Chrome'),
('EMP001', NOW() - INTERVAL 50 MINUTE, 'Non-productive', 20.0, 18.0, 'YouTube'),
 
('EMP002', NOW() - INTERVAL 10 MINUTE, 'Non-productive', 15.0, 14.0, 'Instagram'),
('EMP002', NOW() - INTERVAL 20 MINUTE, 'Non-productive', 10.0, 12.0, 'YouTube'),
('EMP002', NOW() - INTERVAL 30 MINUTE, 'Productive',     60.0, 65.0, 'Google Docs'),
('EMP002', NOW() - INTERVAL 40 MINUTE, 'Idle',           5.0,  5.0,  'Desktop'),
('EMP002', NOW() - INTERVAL 50 MINUTE, 'Non-productive', 20.0, 22.0, 'Amazon'),
 
('EMP003', NOW() - INTERVAL 10 MINUTE, 'Productive',     95.0, 96.0, 'PyCharm'),
('EMP003', NOW() - INTERVAL 20 MINUTE, 'Productive',     88.0, 90.0, 'PyCharm'),
('EMP003', NOW() - INTERVAL 30 MINUTE, 'Productive',     82.0, 85.0, 'Terminal'),
('EMP003', NOW() - INTERVAL 40 MINUTE, 'Productive',     79.0, 81.0, 'Chrome'),
('EMP003', NOW() - INTERVAL 50 MINUTE, 'Idle',           8.0,  9.0,  'Desktop'),
 
('EMP004', NOW() - INTERVAL 10 MINUTE, 'Productive',     70.0, 75.0, 'Excel'),
('EMP004', NOW() - INTERVAL 20 MINUTE, 'Productive',     65.0, 68.0, 'Word'),
('EMP004', NOW() - INTERVAL 30 MINUTE, 'Non-productive', 25.0, 20.0, 'Facebook'),
('EMP004', NOW() - INTERVAL 40 MINUTE, 'Productive',     72.0, 74.0, 'Outlook'),
('EMP004', NOW() - INTERVAL 50 MINUTE, 'Idle',           5.0,  5.0,  'Desktop'),
 
('EMP005', NOW() - INTERVAL 10 MINUTE, 'Productive',     88.0, 89.0, 'Figma'),
('EMP005', NOW() - INTERVAL 20 MINUTE, 'Productive',     84.0, 86.0, 'Figma'),
('EMP005', NOW() - INTERVAL 30 MINUTE, 'Productive',     80.0, 82.0, 'Slack'),
('EMP005', NOW() - INTERVAL 40 MINUTE, 'Non-productive', 18.0, 16.0, 'TikTok'),
('EMP005', NOW() - INTERVAL 50 MINUTE, 'Productive',     76.0, 78.0, 'Chrome'),
 
('EMP006', NOW() - INTERVAL 10 MINUTE, 'Idle',           5.0,  5.0,  'Desktop'),
('EMP006', NOW() - INTERVAL 20 MINUTE, 'Idle',           5.0,  5.0,  'Desktop'),
('EMP006', NOW() - INTERVAL 30 MINUTE, 'Non-productive', 12.0, 10.0, 'Netflix'),
('EMP006', NOW() - INTERVAL 40 MINUTE, 'Non-productive', 15.0, 12.0, 'YouTube'),
('EMP006', NOW() - INTERVAL 50 MINUTE, 'Idle',           5.0,  5.0,  'Desktop'),
 
('EMP007', NOW() - INTERVAL 10 MINUTE, 'Productive',     91.0, 93.0, 'VS Code'),
('EMP007', NOW() - INTERVAL 20 MINUTE, 'Productive',     87.0, 89.0, 'VS Code'),
('EMP007', NOW() - INTERVAL 30 MINUTE, 'Productive',     83.0, 85.0, 'GitHub'),
('EMP007', NOW() - INTERVAL 40 MINUTE, 'Productive',     79.0, 81.0, 'Postman'),
('EMP007', NOW() - INTERVAL 50 MINUTE, 'Productive',     75.0, 77.0, 'Chrome'),
 
('EMP008', NOW() - INTERVAL 10 MINUTE, 'Non-productive', 22.0, 20.0, 'Reddit'),
('EMP008', NOW() - INTERVAL 20 MINUTE, 'Productive',     68.0, 70.0, 'Notion'),
('EMP008', NOW() - INTERVAL 30 MINUTE, 'Productive',     72.0, 74.0, 'Notion'),
('EMP008', NOW() - INTERVAL 40 MINUTE, 'Non-productive', 18.0, 16.0, 'Twitter'),
('EMP008', NOW() - INTERVAL 50 MINUTE, 'Productive',     65.0, 67.0, 'Slack'),
 
('EMP009', NOW() - INTERVAL 10 MINUTE, 'Productive',     94.0, 95.0, 'IntelliJ'),
('EMP009', NOW() - INTERVAL 20 MINUTE, 'Productive',     90.0, 92.0, 'IntelliJ'),
('EMP009', NOW() - INTERVAL 30 MINUTE, 'Productive',     86.0, 88.0, 'Terminal'),
('EMP009', NOW() - INTERVAL 40 MINUTE, 'Idle',           8.0,  8.0,  'Desktop'),
('EMP009', NOW() - INTERVAL 50 MINUTE, 'Productive',     82.0, 84.0, 'Chrome'),
 
('EMP010', NOW() - INTERVAL 10 MINUTE, 'Non-productive', 14.0, 12.0, 'Amazon'),
('EMP010', NOW() - INTERVAL 20 MINUTE, 'Non-productive', 16.0, 14.0, 'Flipkart'),
('EMP010', NOW() - INTERVAL 30 MINUTE, 'Productive',     55.0, 58.0, 'Excel'),
('EMP010', NOW() - INTERVAL 40 MINUTE, 'Productive',     60.0, 62.0, 'Word'),
('EMP010', NOW() - INTERVAL 50 MINUTE, 'Idle',           5.0,  5.0,  'Desktop');

('ADMIN1', NOW() - INTERVAL 10 MINUTE, 'Productive', 90.0, 92.0, 'VS Code'),
('ADMIN1', NOW() - INTERVAL 20 MINUTE, 'Productive', 85.0, 88.0, 'Chrome'),
('ADMIN1', NOW() - INTERVAL 30 MINUTE, 'Productive', 80.0, 84.0, 'Slack'),
('ADMIN1', NOW() - INTERVAL 40 MINUTE, 'Idle',       5.0,  5.0,  'Desktop'),
('ADMIN1', NOW() - INTERVAL 50 MINUTE, 'Productive', 88.0, 90.0, 'Outlook');
 
-- ─── ALERTS (sample alerts for demo) ─────────────────────────────────────────
INSERT IGNORE INTO alerts (employee_id, alert_type, message, resolved) VALUES
('EMP002', 'low_productivity',  'Score below 40% for 2 hours',                  FALSE),
('EMP006', 'inactivity',        'No screenshot received in 45 minutes',         FALSE),
('EMP006', 'repeated_screen',   'Same screen detected for 30 minutes',          FALSE),
('EMP010', 'low_productivity',  'Score dropped to 12.0 — possible distraction', FALSE),
('EMP008', 'repeated_screen',   'Same screen detected for multiple captures',   FALSE);
 